{"hampshire": 50.93112387363688, "sussex": 50.90236349032087, "south-yorkshire": NaN, "staffordshire": 52.9005373847492, "bedfordshire": 51.98144995771613, "cumbria": 54.56496815974666, "nottinghamshire": NaN, "warwickshire": 52.37148753310205, "devon-and-cornwall": 50.527550742719086, "leicestershire": 52.65100891407569, "durham": 54.68126312370846, "humberside": 53.70176644298507, "thames-valley": 51.68988934877214, "norfolk": 52.64004391303848, "lincolnshire": 53.07508733459696, "northamptonshire": 52.3072518685, "kent": 51.39447867441328, "wiltshire": 51.421036072453624, "city-of-london": 51.51531281671758, "west-mercia": 52.41016790308912, "lancashire": 53.17557931559899, "cheshire": 53.27632442323492, "derbyshire": 53.0036654644339, "btp": 52.12218768654392, "surrey": 51.325869422737, "hertfordshire": 51.768994971696216, "north-yorkshire": 54.064504035898906, "cambridgeshire": 52.40699723321449, "metropolitan": 51.50759476454842, "northumbria": 55.00710826101568, "west-yorkshire": 53.76984142554579, "north-wales": 53.180918865456725, "cleveland": 54.34701910875864, "gloucestershire": 51.850543872809496, "avon-and-somerset": 51.33175637267479, "dorset": 50.72136650800582, "suffolk": 52.15084482566662, "dyfed-powys": 52.12028764514218, "west-midlands": 52.48964841613633, "merseyside": 53.42796231526082, "essex": 51.72260861278373}