{"hampshire": -1.2145474441259136, "sussex": -0.16636629196499603, "south-yorkshire": NaN, "staffordshire": -2.0699261203247317, "bedfordshire": -0.426417996229464, "cumbria": -3.1320293015482057, "nottinghamshire": NaN, "warwickshire": -1.492200365423533, "devon-and-cornwall": -4.026554344383304, "leicestershire": -1.1536536537719932, "durham": -1.581104200502653, "humberside": -0.4027265295522388, "thames-valley": -0.9966845383898043, "norfolk": 0.9602396567489948, "lincolnshire": -0.31962162829209895, "northamptonshire": -0.8103302245, "kent": 0.5128513800228963, "wiltshire": -1.9036338988449422, "city-of-london": -0.08623273007497916, "west-mercia": -2.3419879800437395, "lancashire": -2.6421476185305828, "cheshire": -2.6124277139922976, "derbyshire": -1.4851611348547717, "btp": -0.8921149511598153, "surrey": -0.4328004846962508, "hertfordshire": -0.2599600221595488, "north-yorkshire": -1.11896528058587, "cambridgeshire": -0.0774420258467023, "metropolitan": -0.10784848893881739, "northumbria": -1.5863827457057507, "west-yorkshire": -1.648371743890518, "north-wales": -3.5553297378131092, "cleveland": -1.2172083120124806, "gloucestershire": -2.195962577162238, "avon-and-somerset": -2.7071552408137087, "dorset": -2.043267481441048, "suffolk": 1.0204574518945893, "dyfed-powys": -4.007564165580568, "west-midlands": -1.8710733354546436, "merseyside": -2.942090273742405, "essex": 0.5533465492591426}